Review,compound_scores,sentiments
I absolutely love this laptop! It's incredibly fast and the screen is gorgeous.,0.8685,Positive
Worst purchase ever. It crashed on day one and customer service was unhelpful.,-0.6249,Negative
"The battery life is decent, but the keyboard feels a bit cheap.",0.0,Neutral
Fantastic performance for gaming! Highly recommend it.,0.7707,Positive
Do not buy this. It overheats constantly and the fan is so loud.,0.3182,Positive
"It's an okay laptop for the price. Nothing special, but it gets the job done.",-0.0462,Neutral
Best laptop I've ever owned. The build quality is premium! 😍,0.8172,Positive
I'm very disappointed. The screen arrived with a dead pixel.,-0.8268,Negative
"Average product. Good for browsing, but struggles with heavy software.",-0.3182,Negative
Super satisfied with my purchase! Delivery was fast too. 🚀,0.7901,Positive
Terrible experience. The trackpad stopped working after a week.,-0.6124,Negative
"The display is bright and crisp, but the speakers are quite tinny.",0.2382,Positive
Not worth the money. You can get better specs for the same price elsewhere.,0.3036,Positive
Solid machine. I use it for coding and it handles everything perfectly.,0.7003,Positive
"It's fine. I have no strong complaints, but I'm not amazed either.",-0.5047,Negative
